{
    "main" : {
        "title": "Red",
        "name" : "JD",
        "image" : "Valentine",
        "view":{
            "backgroundColor" : "#cc0000",
            "alpha" : 1.000
        },
        "label" : {
            "font" : "system.18.medium",
            "color" : "#0c0c0c",
            "align" : 1
        }
    },
    "Global" : {
        "status" : "UIStatusBarStyleDefault",
        "nav" : {
            "backgroundColor" : "#259fe6",
            "textAttributes" : {
                "NSFont" : "system.18.medium",
                "NSColor" : "#333333"
            }
        },
        "tab" : {
            "backgroundColor" : "#F1F2F3"
        },
        "tab_attributes" : {
            "NSFont" : "system.12.medium",
            "NSColor" : "#333333"
        },
        "tab_attributes_selected" : {
            "NSFont" : "system.14.medium",
            "NSColor" : "#53999d"
        },
        "tab_0" : {
            "title" : "附近",
            "image" : "nearby",
            "selectedImage":"nearby_h"
        },
        "tab_1" : {
            "title" : "大牌",
            "image" : "tab_dapai",
            "selectedImage":"tab_dapai_h"
        },
        "tab_2" : {
            "title" : "今日",
            "image" : "tab_today",
            "selectedImage":"tab_today_h"
        },
        "tab_3" : {
            "title" : "我的",
            "image" : "tab_mine",
            "selectedImage":"tab_mine_h"
        }
    }
}
